<?xml version="1.0"?>
<doc>
    <assembly>
        <name>ManagerMCEE</name>
    </assembly>
    <members>
        <member name="T:MetroStyleBaseApp.Container">
            <summary>
            Container
            </summary>
        </member>
        <member name="M:MetroStyleBaseApp.Container.InitializeComponent">
            <summary>
            InitializeComponent
            </summary>
        </member>
        <member name="T:MetroStyleBaseApp.App">
            <summary>
            App
            </summary>
        </member>
        <member name="M:MetroStyleBaseApp.App.InitializeComponent">
            <summary>
            InitializeComponent
            </summary>
        </member>
        <member name="M:MetroStyleBaseApp.App.Main">
            <summary>
            Application Entry Point.
            </summary>
        </member>
        <member name="T:MetroStyleBaseApp.CloseDialog">
            <summary>
            Логика взаимодействия для CloseDialog.xaml
            </summary>
            <summary>
            CloseDialog
            </summary>
        </member>
        <member name="M:MetroStyleBaseApp.CloseDialog.InitializeComponent">
            <summary>
            InitializeComponent
            </summary>
        </member>
        <member name="T:MetroStyleBaseApp.Etapa0">
            <summary>
            Etapa0
            </summary>
        </member>
        <member name="M:MetroStyleBaseApp.Etapa0.InitializeComponent">
            <summary>
            InitializeComponent
            </summary>
        </member>
        <member name="T:MetroStyleBaseApp.Etapa1">
            <summary>
            Etapa1
            </summary>
        </member>
        <member name="M:MetroStyleBaseApp.Etapa1.InitializeComponent">
            <summary>
            InitializeComponent
            </summary>
        </member>
        <member name="T:MetroStyleBaseApp.Etapa1_EngineManagement">
            <summary>
            Etapa1_EngineManagement
            </summary>
        </member>
        <member name="F:MetroStyleBaseApp.Etapa1_EngineManagement.lung">
            <summary>
            lung Name Field
            </summary>
        </member>
        <member name="F:MetroStyleBaseApp.Etapa1_EngineManagement.lat">
            <summary>
            lat Name Field
            </summary>
        </member>
        <member name="F:MetroStyleBaseApp.Etapa1_EngineManagement.yCoord">
            <summary>
            yCoord Name Field
            </summary>
        </member>
        <member name="F:MetroStyleBaseApp.Etapa1_EngineManagement.xCoord">
            <summary>
            xCoord Name Field
            </summary>
        </member>
        <member name="F:MetroStyleBaseApp.Etapa1_EngineManagement.btnHall">
            <summary>
            btnHall Name Field
            </summary>
        </member>
        <member name="F:MetroStyleBaseApp.Etapa1_EngineManagement.btnEngine">
            <summary>
            btnEngine Name Field
            </summary>
        </member>
        <member name="F:MetroStyleBaseApp.Etapa1_EngineManagement.btnUndo">
            <summary>
            btnUndo Name Field
            </summary>
        </member>
        <member name="F:MetroStyleBaseApp.Etapa1_EngineManagement.btnRedo">
            <summary>
            btnRedo Name Field
            </summary>
        </member>
        <member name="M:MetroStyleBaseApp.Etapa1_EngineManagement.InitializeComponent">
            <summary>
            InitializeComponent
            </summary>
        </member>
        <member name="T:MetroStyleBaseApp.Etapa1_HeavyCentre">
            <summary>
            Etapa1_HeavyCentre
            </summary>
        </member>
        <member name="M:MetroStyleBaseApp.Etapa1_HeavyCentre.InitializeComponent">
            <summary>
            InitializeComponent
            </summary>
        </member>
        <member name="T:MetroStyleBaseApp.Example_img">
            <summary>
            Example_img
            </summary>
        </member>
        <member name="M:MetroStyleBaseApp.Example_img.InitializeComponent">
            <summary>
            InitializeComponent
            </summary>
        </member>
        <member name="T:MetroStyleBaseApp.HelpWindow">
            <summary>
            HelpWindow
            </summary>
        </member>
        <member name="M:MetroStyleBaseApp.HelpWindow.InitializeComponent">
            <summary>
            InitializeComponent
            </summary>
        </member>
        <member name="T:MetroStyleBaseApp.MainWindow">
            <summary>
            MainWindow
            </summary>
        </member>
        <member name="M:MetroStyleBaseApp.MainWindow.InitializeComponent">
            <summary>
            InitializeComponent
            </summary>
        </member>
        <member name="T:MetroStyleBaseApp.Properties.Resources">
            <summary>
              Класс ресурсов со строгим типом для поиска локализованных строк и пр.
            </summary>
        </member>
        <member name="P:MetroStyleBaseApp.Properties.Resources.ResourceManager">
            <summary>
              Возврат кэшированного экземпляра ResourceManager, используемого этим классом.
            </summary>
        </member>
        <member name="P:MetroStyleBaseApp.Properties.Resources.Culture">
            <summary>
              Переопределяет свойство CurrentUICulture текущего потока для всех
              подстановки ресурсов с помощью этого класса ресурсов со строгим типом.
            </summary>
        </member>
        <member name="T:XamlGeneratedNamespace.GeneratedInternalTypeHelper">
            <summary>
            GeneratedInternalTypeHelper
            </summary>
        </member>
        <member name="M:XamlGeneratedNamespace.GeneratedInternalTypeHelper.CreateInstance(System.Type,System.Globalization.CultureInfo)">
            <summary>
            CreateInstance
            </summary>
        </member>
        <member name="M:XamlGeneratedNamespace.GeneratedInternalTypeHelper.GetPropertyValue(System.Reflection.PropertyInfo,System.Object,System.Globalization.CultureInfo)">
            <summary>
            GetPropertyValue
            </summary>
        </member>
        <member name="M:XamlGeneratedNamespace.GeneratedInternalTypeHelper.SetPropertyValue(System.Reflection.PropertyInfo,System.Object,System.Object,System.Globalization.CultureInfo)">
            <summary>
            SetPropertyValue
            </summary>
        </member>
        <member name="M:XamlGeneratedNamespace.GeneratedInternalTypeHelper.CreateDelegate(System.Type,System.Object,System.String)">
            <summary>
            CreateDelegate
            </summary>
        </member>
        <member name="M:XamlGeneratedNamespace.GeneratedInternalTypeHelper.AddEventHandler(System.Reflection.EventInfo,System.Object,System.Delegate)">
            <summary>
            AddEventHandler
            </summary>
        </member>
    </members>
</doc>
